question,answer,question_type
How many days do we have in a week?,Seven,kid
How many days are there in a normal year?,365 (not a leap year),kid
How many colors are there in a rainbow?,7,kid
Which animal is known as the ‘Ship of the Desert?’,Camel,kid
How many letters are there in the English alphabet?,26,kid
How many consonants are there in the English alphabet?,21,kid
How many sides are there in a triangle?,Three,kid
Which month of the year has the least number of days?,February,kid
Which are the vowels in the English alphabet series?,"A, E, I, O, U",kid
Which animal is called King of Jungle?,Lion,kid
How many primary colors are there?,"Three (red, yellow, blue)",kid
How many days are there in the month of February in a leap year?,29 days,kid
What do you call a house made of ice?,Igloo,kid
Which is the largest animal in the world?,Blue whale,kid
Which is the tallest animal on the earth?,Giraffe,kid
Which festival is known as the festival of colors?,Holi,kid
Which festival is called the festival of light?,Diwali,kid
What is the top color in a rainbow?,Red,kid
What type of bird lays the largest eggs?,Ostrich,kid
Which festival is known as the ‘Festival of flowers’?,Onam,kid
In which direction does the sunrise?,East,kid
Which is the world’s largest flower?,Rafflesia,kid
How many zeros are there in one hundred thousand?,Five,kid
How many hours are there in one days?,24 hours,kid
How many months of the year have 31 days?,"7 (January, March, May, July, August, October and December)",kid
How many weeks are there in one year?,52,kid
Which are the colors in a rainbow?,"Violet, Indigo, Blue, Green, Yellow, Orange, Red",kid
How many bones does an adult human have?,206,kid
Who was the first man to walk on the moon?,Neil Armstrong,kid
How many millimeters are there in 1cm?,10,kid
Which is the nearest star to planet earth?,Sun,kid
Which is the longest river on the earth?,Nile,kid
Which is the principal source of energy for earth?,Sun,kid
How many lungs does the human body have?,Two,kid
What is the standard taste of the water?,Water is tasteless,kid
Which is the tallest mountain in the world?,Mount Everest,kid
Which is the fastest animal on the land?,Cheetah,kid
Which continent is known as ‘Dark’ continent?,Africa,kid
Which planet is known as the Red Planet?,Mars,kid
Which is the most sensitive organ in our body?,Skin,kid
Which is the largest ocean in the world?,Pacific Ocean,kid
Which day is observed as World Environment Day?,5-Jun,kid
How many years are there in a century?,One Hundred,kid
Which is the largest country in the world?,Russia (By area),kid
Who invented the Computer?,Charles Babbage,kid
How many players are there in a cricket team?,11,kid
Which day is observed as World Literacy Day?,8-Sep,kid
Who is the inventor of Radio?,Marconi,kid
Which place is known as the roof of the world?,Tibet,kid
How many teeth does a healthy adult have including the wisdom teeth?,32,kid
Which gas is most abundant in the earth’s atmosphere?,Nitrogen,kid
How many people are there in the world?,Over 7 billion,kid
Which is the continent with the most number of countries?,Africa,kid
Which is the most common non-contagious disease in the world?,Tooth Decay,kid
How many strings does a violin have?,Four,kid
How many planets are there in our solar system?,8,kid
Which is the hottest continent on Earth?,Africa,kid
Which is the smallest continent in the world?,Australia,kid
How many years are there in a millennium?,1000,kid
Which country is home to the kangaroo?,Australia,kid
Who painted the Mona Lisa?,Leonardo da Vinci,kid
Who invented the telephone?,Alexander Graham Bell,kid
What does the Internet prefix WWW stand for?,World Wide Web,kid
How much of Earth’s surface is covered by ocean?,71%,kid
Who discovered Penicillin in 1928?,Alexander Fleming,kid
How many stars are there in the American flag?,50,kid
What do you call a type of shape that has five sides?,Pentagon,kid
"Which way is anti-clockwise, left or right?",Left,kid
How many equal sides does an isosceles triangle have?,2,kid
Which is the coldest location in the earth?,East Antarctica,kid
Who discovered electricity?,Benjamin Franklin,kid
Which is the most widely spoken language in the world?,Mandarin (Chinese),kid
Which two parts of the body continue to grow for your entire life?,Nose and Ears,kid
The largest ‘Democracy’ in the world?,India,kid
Who is the inventor of Television?,John Logie Baird,kid
Which is the largest plateau in the world?,Tibetan Plateau,kid
Which is the instrument used to measure Blood pressure?,Sphygmomanometer,kid
What color symbolizes peace?,White,kid
Who is the founder of Microsoft?,Bill Gates,kid
During which year did World War I begin?,1914,kid
How many Cricket world cups does India have?,2,kid
Global warming is caused by the excess of which type of gas?,Carbon dioxide,kid
How many cards are there in a complete pack of cards?,52,kid
What is the name of the biggest rain forest in the world?,The Amazon,kid
Which African nation is famous for chocolate?,Ghana,kid
What makes up (approx ) 80% of our brain’s volume?,Water,kid
Which instrument is used for measuring wind speed?,Anemometer,kid
‘Stars and Stripes’ is the nickname of the flag of which country?,United States of America,kid
Which language is used by the computer to process data?,Binary language,kid
What covers approximately 71% of the Earth’s surface: Land or water?,Water,kid
Which is the hardest substance available on earth?,Diamond,kid
Which is the biggest desert in the world?,Sahara desert,kid
Which country gifted The Statue of Liberty to the United States?,France,kid
What is the name of the Greek God of music?,Apollo,kid
What does the “SIM” in the SIM card stand for?,Subscriber Identity Module,kid
Which is the first element on the periodic table of elements?,Hydrogen,kid
Which is the longest written Constitution in the world?,India,kid
What is the largest joint in the human body?,Knee,kid
Which is the smallest bone in the human body?,Stapes (Ear bone),kid
Which instrument is used to measure Atmospheric Pressure?,Barometer,kid
Which is the largest continent in the world?,Asia,kid
Who is the inventor of the electric Bulb?,Thomas Alva Edison,kid
On whose memory Nobel Prize is awarded?,Alfred Nobel,kid
Who is the first woman to go to space?,Valentina Tereshkova,kid
What is HCl?,Hydrochloric acid,kid
What is currency of China?,Renminbi,kid
"Chameleons have extremely long tongues, sometimes as long as their bodies. True or False?",TRUE,kid
An ostrich’s eye is bigger than its brain. True or False?,TRUE,kid
A sneeze is faster than the blink of an eye. True or False?,TRUE,kid
Pigs can look up into the sky. True or False?,False (They cannot),kid
There are 9 planets in our Solar System. True or False?,False (Our Solar system has only 8 planets; Pluto is a dwarf planet),kid
Mark Zuckerburg is the father of modern computers. True or False?,False (Charles Babbage is the father of modern computers),kid
The egg of a Hummingbird is the smallest egg in the world. True or False?,TRUE,kid
Frogs have to drink lots of water. True or False?,FALSE,kid
Some animals can get sunburn. True or False?,"True (Animals like dogs, cats and cows can get sunburns at the tip of their noses and ears).",kid
William Shakespeare is a scientist. True or False?,False (He is a dramatist),kid
Whales have belly buttons. True or False?,TRUE,kid
Sharks are color blind. True or False?,FALSE,kid
Mumbai is the capital of India. True or False?,False (Delhi is the capital of India),kid
Camels store water in their humps. True or False?,TRUE,kid
Humans have four hearts. True or False?,False (Humans have one heart with four chambers),kid
All tigers have yellow eyes. True or False?,TRUE,kid
A pediatrician is a child specialist. True or False?,TRUE,kid
Arachnophobia is the fear of dogs. True or False?,False (It is the fear of spiders),kid
Dodo is an endangered bird. True or False?,False (Dodo is an extinct bird),kid
Bhagat Singh is a Freedom fighter of India. True or False?,TRUE,kid
Washington DC is the capital of China. True or False?,False (Beijing is the capital of China),kid
June 5 is celebrated as Environment Day. True or False?,TRUE,kid
"Laika, the dog is the first animal to go to space. True or False?",TRUE,kid
Roman Calendar is named as Julian Calendar. True or False?,TRUE,kid
There are 12 players in a cricket team. True or False?,False (There are 11 players in a cricket team),kid
"Ball, Bat, Stump, Hockey stick. True or False?",Hockey stick,kid
"Hen, Dove, Pigeon, Cat",Cat,kid
"Hammer, Blacksmith, Carpenter, Cobbler",Hammer,kid
"Jeep, Car, Bike, Boat",Boat,kid
"Doctor, Surgeon, Nurse, Teacher",Teacher,kid
"Mother, Father, Brother, Friend",Friend,kid
"Earth, Mercury, Jupiter, Pluto",Pluto,kid
"Cabbage, Potato, Capsicum, Tomato",Potato,kid
"Pen, Pencil, Eraser, Ink Pen",Eraser,kid
"Aeroplane, Helicopter, Ship, Jet",Ship,kid
"Carrot, Mango, Banana, Apple",Carrot,kid
"Cow, Lion, Dog, Cat",Lion,kid
"2, 6, 7, 10",7,kid
"P J  Abdul Kalaam, C V  Raman, Issac Newton, William Shakespeare",William Shakespeare,kid
"Dispur, Pune, Patna, Shimla",Pune,kid
"1, 2, 4, 5",4,kid
"Asia, Europe, China, Australia",China,kid
"Radio, Television, Loudspeaker, Stereo",Television,kid
"Respiration, Digestion, Excretion, Photosynthesis",Photosynthesis,kid
"Hydrogen, Hypochlorite, Helium, Lithium",Hypochlorite,kid
"Noun, Pronoun, Articles, Adverb",Articles,kid
"Throat, Tongue, Nose, Ears",Throat,kid
"Coffee Powder, Chili Powder, Tea Powder, Green Tea Powder",Chilli Powder,kid
"Vitamin A, Vitamin B, Vitamin D, Vitamin K",Vitamin B,kid
"Dinosaur, Elephant, Hippopotamus, Giraffe",Dinosaur,kid
What is the place where books are kept called? a) Zoo b) Library c) Garden d) Museum,B. Library,kid
How many digits are there in Mathematics? a) Hundred b) Thousand c) Billion d) Infinite,D. Infinite,kid
Who is the first Prime Minister of India? a) P.J. Abdul Kalaam b) Jawaharlal Nehru c) Indira Gandhi d) Narendra Modi,B. Jawaharlal Nehru,kid
How many bananas will there be in a dozen banana? a) 8 b) 9 c) 10 d) 12,D.12,kid
Who is Mickey Mouse? a) Actor b) Scientist c)  Cartoon Character d) Doctor,C. Cartoon Character,kid
Who is the author of “God of Small Things”? a) Gabriel Garcia Marquez b) Aravind Adiga c) Arundhati Roy d) Victor Hugo,C. Arundhati Roy,kid
What is the value of Pie? a) 14 b) 916 c) 13 d) 34,A. 3.14 (22/7),kid
What is the position of Earth in our Solar system? a) First b) Second c) Third d) Fourth,C. Third,kid
Which is the biggest continent? a)Asia b) Africa c) Australia d) Europe,A. Asia,kid
How many wonders do we have in the world? a) Six b) Seven c) Eight d) Nine,B. Seven,kid
Who found the concept of “Gravitation” for the first time? a) Albert Einstein b) Charles Darwin c) Issac Newton d) V. Raman,C. Issac Newton,kid
Who is the author of “Julius Caesar”? a) William Shakespeare b) Geoffrey Chaucer c) John Milton d) Sylvia Plath,A. William Shakespeare,kid
When is UN day celebrated? a) October 21 b) June 24 c) October 24 d) June 21,C. October 24,kid
What are constellations? a) Group of planets b) Group of galaxies c) Group of stars d) Group of meteors,C. Group of stars,kid
Which planet is known as “The Blue Planet”? a) Mercury b) Venus c) Uranus d) Earth,D. Earth,kid
What is the person who compiles a dictionary called? a) Lexicographer b) Editor c) Compiler d) Director,A. Lexicographer,kid
What is the driver of a Train called? a) Pilot b) Train Driver c) Locopilot d) Captain,C. Locopilot,kid
What is the full form of RBI? a) Reputed Bank of India b) Reserve Bank of India c) Recovery Bank of India d) Reduced Bank of India,B. Reserve Bank of India,kid
What is the “Fear of Darkness” called? a) Nyctophobia b) Ablutophobia c) Ophidiophobia d) Arachnophobia,A. Nyctophobia,kid
What is the capital city of Peru? a) Lima b) Rome c) Los Angeles d) Prague,A. Lima,kid
How many states are there in India? a) 27 b) 28 c) 29 d) 30,B. 29,kid
Who discovered Aeroplane? a) Wright Brothers b) Steve Waugh c) Albert Einstein d) Stephen Hawking,A. Wright Brothers,kid
Which bird is the universal symbol of Peace? a) Pigeon b) Dove c) Peacock d) Pelican,B. Dove,kid
What causes Anemia? a) By the deficiency of Iron b) By the deficiency of Iodine c) By the deficiency of Vitamin D d) By the deficiency Calcium,A. By the deficiency of Iron,kid
Who is a “Chef”? a) A person who drives a car b) A person who cooks food c) A person who acts d) A person who treats patients,B. A person who cooks food,kid
What is the color of the sky?,Blue,kid
What is the job of a Doctor?,A Doctor treats sick people.,kid
What comes after 10 and before 13?,12,kid
Where does fish live?,In Water,kid
What is sun?,Sun is a big ball of fire.,kid
Who is Virat Kohli?,Indian Cricketer,kid
How many noses do you have?,One,kid
What is the color of Mango?,Yellow,kid
In which planet do we live?,Earth,kid
What is the young one of a cat called?,Kitten,kid
How many years are there in a century?,Hundred,kid
Which is the national game of India?,Hockey,kid
What is the full form of TV?,Television,kid
Solve 27*0,Zero (Any number multiplied by zero gives zero as the answer),kid
Which all animals give us milk?,"Cow, goat and buffalo",kid
What is the home of a lion called?,Den,kid
How many days are there in a week?,Seven,kid
Where do we deposit money?,Bank,kid
What is the place where animals are kept called?,Zoo,kid
What is COVID-19?,It is deadly disease spread across the world during 2019 and 2020.,kid
What is Beri-Beri?,It is a disease caused due to the deficiency of Vitamin B,kid
Where do we get coconut from?,We get coconut from coconut Tree,kid
Which state in India is known as “God’s Own Country”?,Kerala,kid
How do plants make food?,Plants make food through the process called Photosynthesis.,kid
Which place is known as the “Land of White Elephants”?,Thailand,kid
How many players are there in each side of a Hockey team?,11,kid
How many players are there in each side of a Basket Ball team?,5,kid
Commonwealth Games are held in every _ years,4 years,kid
How many Grand Slam Tennis Tournaments are held every year?,4,kid
"In which sports, the term HAT-TRICK is used?",Cricket,kid
Number of players in one team of Kho Kho are,Nine,kid
Eden Gardens cricket stadium is in –,Calcutta,kid
Which country will host Cricket World Cup 2019 –,England,kid
Football was introduced as a competitive game in Olympics in year –,1908,kid
Hockey is the National sports of –,India and Pakistan,kid
Which is the National sport of Canada?,Lacrosse/Ice hockey,kid
_ has Cricket as its National S,Jamaica,kid
_ is the national sport of Turkey,Wrestling,kid
In which country Commonwealth games were held in 2010?,India,kid
Which country has hosted Commonwealth Games for the maximum number of times?,Canada,kid
Caddie is related to __________,Golf,kid
In which year Olympic Games were cancelled because of World War I?,1916,kid
Who was the winner of Football World Cup in 2010?,Spain,kid
Where did the game of Badminton originate from?,Pune,kid
When is national sports day of India celebrated?,22-Aug,kid
When was women’s and men’s doubles introduced in Wimbledon?,1884,kid
Who among the following is known as “Flying Sikh of India”,Milkha Singh,kid
Total Olympic medals won by India in 2012,Six,kid
The only driver in Indian Grand Prix 2011 is,Alice Powell,kid
How many months are there in a year?,12,class_1
How many days are there in a week?,7,class_1
How many days are there in a year?,365,class_1
Which number comes after 15?,16,class_1
How many colours are there in a rainbow?,7,class_1
We use our ears to ______.,Hear,class_1
Name the day that comes after Tuesday?,Wednesday,class_1
How many vowels are there in the English alphabet?,5,class_1
A cow has ____ legs.,4,class_1
Which gas do humans need to breathe to live?,Oxygen,class_1
Which month comes after October?,November,class_1
How many zeroes are there in one thousand?,Three,class_1
How many hands do you have?,2,class_1
We chew food using our ____________.,Teeth,class_1
Which sense organ do you use to smell?,Nose,class_1
Which part of the plant is brown and below the ground?,Roots,class_1
Which part of a plant has seeds?,Fruit,class_1
Which part of a plant soaks up nutrients and water from the soil?,Root,class_1
Which bird has a far sight and turns its head all the way round?,Owl,class_1
Which animal eats mice?,20,class_1
Which animal wags its tail and lives in a kennel?,Dog,class_1
Which animal has a long nose known as trunk?,Elephant,class_1
Which animal likes honey?,Bear,class_1
Name a cunning animal?,Fox,class_1
Which animal has a long neck?,Giraffe,class_1
Which animal has black and white stripes on its body?,Zebra,class_1
Which animal gives us wool?,Sheep,class_1
February has _____ days in a leap year.,29,class_1
Which is the largest river island in Asia?,Majuli Island (Assam),class_1
Which shape has three sides?,Triangle,class_1
How many weeks are there in a year?,52 Week,class_1
There are ____ months in a year.,12,class_1
Name the shape with five sides?,Pentagon,class_1
Home of a pig is called ______.,Sty,class_1
Name the largest island in the world?,Greenland,class_1
Which is the largest mammal on Earth?,Blue Whale,class_1
What is the name of the story where Ella leaves her glass slipper while attending the royal ball?,Cinderella,class_1
Which fairy tale character meets seven dwarfs in a cottage?,Snow White,class_1
Name the fairy tale character with long golden hair trapped in a tower?,Rapunzel,class_1
"Name the fairy tale character, who is a poor thief and has a magic lamp?",Aladdin,class_1
Which fairy tale character meets a Big Bad wolf while going to visit her grandmother in the woods?,Little Red Riding Hood,class_1
"Name the story in which a young girl falls through a rabbit hole, goes to a fantasy world and meets many strange characters?",Alice’s Adventures in Wonderland,class_1
Name the shape with seven sides?,Heptagon,class_1
Planet Earth is shaped like a __________.,Sphere,class_1
A shape with six sides is called ________.,Hexagon,class_1
A shape with ten sides is called ________.,Decagon,class_1
How many sides does an octagon have?,8,class_1
What is the color of human blood?,Red,class_1
Which colour symbolizes peace?,White,class_1
In which season do we use cotton clothes?,Summer,class_1
The colour of cow’s milk is ________.,White,class_1
What comes after 35?,36,class_1
The tusks of elephants are made of ______.,Ivory,class_1
Kangaroos have _____ to carry their young ones.,Pouches,class_1
Cheese is made from _______.,Milk,class_1
Taste of sugar is _______.,Sweet,class_1
Taste of tamarind is _______.,Sour,class_1
We wear a watch on our _______.,Wrist,class_1
What is 10+4?,14,class_1
A goat has ______ legs.,4,class_1
Earth has ____ natural satellite(s).,1,class_1
The leaves of a tree fall during which season?,Autumn,class_1
A person who goes to space is called an ________.,Astronaut,class_1
A young frog is called a _______.,Tadpole,class_1
Which colour of the traffic light indicates “wait”?,Yellow,class_1
Which is the first letter of the English alphabet?,A,class_1
Whom do we call to put out fire?,Fireman,class_1
Name the vehicle used by firemen?,Fire engine,class_1
Orange is a source of which vitamin?,Vitamin C,class_1
Humans have _____ toes.,Ten,class_1
A hen lives in a _____.,Coop,class_1
Your father’s brother is your _________.,Uncle,class_1
Which insect makes a web?,Spider,class_1
Which magic word do you use while asking for something?,Please,class_1
Which magic word do you use when someone helps you?,Thank you,class_1
Which of these is a green-colored vegetable?,C. Pea ,class_1
What is the Color of the Leaves?,B. Green,class_1
Identify the Tree,A. Coconut Tree,class_1
Who is the king of the jungle?,B. Lion,class_1
Which part of your body do you use to see?,D. Eyes,class_1
How many fingers are there in your hands?,D. Ten,class_1
Which of the following animals give us milk?,A. Cow,class_1
What is the color of sunflowers?,B. Yellow,class_1
Which animal is known as “Ship of Desert”?,C. Camel,class_1
How many legs do you have?,Two,class_1
Which animal guards our house?,Dog,class_1
Identify the bird,Peacock,class_1
What is the color of your hair?,Black,class_1
How many wheels does a cycle have?,Two,class_1
Name the four main directions?,"North, East, West, and South",class_1
What food does a cow eat?,Grass,class_1
Which number comes after 10?,11,class_1
Which means of transport do you use in water?,Ship,class_1
How many alphabets are there in the English language?,26,class_1
Where do you go when you are sick?,Hospital,class_1
A person who teaches us is known as___________?,Teacher,class_1
Name the vowels in English.,"A,E,I,O,U",class_1
How many sense organs do we have?,Five,class_1
What is the color of the sky?,Blue,class_1
What sound does a dog make?,Bow-Bow,class_1
Name the shape with three sides?,Triangle,class_2
What is the smallest two digit number?,10,class_2
Which shape has no sides and corners?,Circle,class_2
Which shape has all four of its sides equal?,Square,class_2
What is the largest two digit number?,99,class_2
What is the smallest even number?,2,class_2
What is the place value of 4 in 654?,Ones,class_2
4 times 8 equals ___________.,32,class_2
40+20 equals to ____________.,60,class_2
An adult human has _________ teeth.,32,class_2
Which animal gives us wool?,Sheep,class_2
What do we get when water freezes?,Ice,class_2
What is a house made of snow called?,Igloo,class_2
What kind of clothes do we wear during winter?,Woollen clothes,class_2
What are the white lines where we cross the road called?,Zebra Crossing,class_2
A lion lives in a ______.,Den,class_2
Sun rises in the ________.,East,class_2
Sun sets in the _________.,West,class_2
What does the red light of a traffic signal indicate?,20,class_2
What does green light of a traffic signal indicate?,Go,class_2
India has _____ states.,28,class_2
What does a caterpillar turn into?,Butterfly,class_2
Which Indian city is known as “Pink City”?,Jaipur,class_2
Which is the largest cat in the world?,Siberian tiger,class_2
Which animal is known as the “ship of the desert”?,Camel,class_2
Which planet do we live on?,Earth,class_2
How many players are there in a cricket team?,11,class_2
The doctor who takes care of our teeth is called ________.,Dentist,class_2
Name the bird that lays the largest eggs?,Ostrich,class_2
Our solar system has ______ planets.,8,class_2
Name the currency of Thailand?,Bhat,class_2
What is the sound made by a lion?,Roar,class_2
What is the young one of an elephant called?,Calf,class_2
A pig lives in a _____.,Sty,class_2
A year has ___ weeks.,52,class_2
How many kidneys does a human body have?,2,class_2
How many strings does a violin have?,4,class_2
A century has ____ years.,100,class_2
How many moons does Earth have?,1,class_2
Saturn has ____ moons.,82,class_2
How many colours are there in a rainbow?,7,class_2
In which country can kangaroos be found?,Australia,class_2
Name the planet in our solar system with the most number of moons?,Saturn,class_2
Earth’s atmosphere has ____ layers.,5,class_2
What are the colours of Olympic rings?,"Blue, Red, Green, Yellow and Black",class_2
A spider has _____ legs.,Eight,class_2
Which is the smallest continent in the world?,Australia,class_2
How many days are there in a year?,365,class_2
Which month has the least number of days?,February,class_2
Which part of a plant grows under the soil?,Root,class_2
What is the currency of UK?,Pound Sterling,class_2
What is the currency of Bangladesh?,Taka,class_2
What is the currency of Pakistan?,Rupee,class_2
What is the currency of China?,Yuan,class_2
What is the currency of New Zealand?,Dollar,class_2
What is the currency of Russia?,Ruble,class_2
Tokyo is the capital of which country?,Japan,class_2
What was the real name of Lord Buddha?,Siddhartha Gautama,class_2
Oscar award is related to which field?,Film industry,class_2
How many minutes are there in an hour?,60,class_2
A triangle with all three sides equal is called _______.,Equilateral triangle,class_2
What is the capital of Philippines?,Manila,class_2
What do you call a person who makes furniture from wood?,Carpenter,class_2
Which country is known as “Gift of Nile”?,Egypt,class_2
How many years make a decade?,10,class_2
Which part of a plant is called “kitchen of the plant”?,Leaf,class_2
We smell using our _____.,Nose,class_2
Who painted Mona Lisa?,Leonardo Da Vinci,class_2
We use our ears to _______.,Hear,class_2
English alphabets have ____ consonants.,21,class_2
What is the shape of a cricket field?,Circle,class_2
How many members are there in a Water Polo team?,7,class_2
The word “Grand Slam” is associated with which sport?,Tennis,class_2
What is a group of porcupines called?,Prickle,class_2
Name a bird that can fly backwards?,Humming bird,class_2
 Who was the first Prime Minister of India?,Jawaharlal Nehru,class_2
 Which state is known as the ‘fruit bowl’ of India?,Himachal Pradesh,class_2
 What is the name of this beautiful monument?,Taj Mahal,class_2
 How many legs does a spider have?, Eight,class_2
 Name this famous Indian Cricketer.,Sachin Tendulkar,class_2
 Who is popularly known as the “Iron Man of India”?,Sardar Vallabh Bhai Patel ,class_2
 What is the sound made by a duck?,Quack quack,class_2
 The national currency of India is,Rupee,class_2
 The young one of a kangaroo is,Joey,class_2
 What is the sound made by a horse?,Neigh,class_2
 The young one of Elephant is,Calf,class_2
 Which river is infamous as the ‘Sorrow of Bengal”?,Damodar River,class_2
 _ is celebrated as the birth of Jesus Christ,Christmas,class_2
 Which is the harvest festival in Assam?,Bohag Bihu ,class_2
 Thiruvananthapuram is the capital of _.,Kerala,class_2
 Which is the national sport of India?,Hockey,class_2
 What does the heart pump?,Blood,class_2
 The longest river in India,Ganga,class_2
 Which is the national fruit of India?,Mango,class_2
 How many spokes does the wheel in Indian Flag have?,24 spokes,class_2
 Who is the first citizen of India?,President of India,class_2
 Where does a pig live?,Sty,class_2
 What is the name of this famous painting?,Mona Lisa,class_2
 How many cats can you see in this picture?,10 cats,class_2
 How do you relate to your maternal grandfather?,Mother’s father,class_2
A polygon with 5 sides is called a _________.,Pentagon,class_3
What is the young one of a kangaroo called?,Joey,class_3
What is the name of India’s highest mountain peak?,Kanchenjunga,class_3
The capital of Andaman & Nicobar Islands is ______.,Port Blair,class_3
"Which is the largest country in the world, in terms of area?",Russia,class_3
The two holes on the nose through which we breathe are called _________.,Nostrils,class_3
"In which country did the game, chess, originate?",India,class_3
The wheel in the center of Indian national flag has _____ spokes.,24,class_3
Who is the author of Harry Potter series of books?,J.K. Rowling,class_3
Who was known as “Human Computer”?,Shakuntala Devi,class_3
Name the instrument used to measure the speed of wind?,Anemometer,class_3
Name the smallest planet in our solar system?,Mercury,class_3
Any number multiplied by zero is ________.,Zero,class_3
Which is the largest four-digit number?,9999,class_3
Ganymede is the moon of which planet?,Jupiter,class_3
Who was the first person to land on the moon?,Jupiter,class_3
Who invented steam engine?,James Watt,class_3
Who was the first person to calculate the value of Pi?,Archimedes,class_3
In which country is Mount Everest situated?,Nepal,class_3
Which is the biggest coral reef in the world?,Great Barrier Reef,class_3
World’s largest rain forest is _________.,The Amazon,class_3
Which is the biggest part of the brain?,Cerebrum,class_3
_________ animals sleep during the day and stay awake at night.,Nocturnal animals,class_3
Animals that eat meat are called _________.,Carnivores,class_3
Name an insectivorous plant?,Venus Flytrap,class_3
A newborn baby has _______ bones.,300,class_3
How many millimeters make a meter?.,1000,class_3
How many millimeters make a meter?.,1000,class_3
What is an angle that has a value less than 90˚ called?,Acute angle,class_3
What is an angle that has a value greater than 90˚ called?,Obtuse angle,class_3
"When a number is multiplied by 1, the product would be ________.",The Same Number,class_3
What is the art of folding paper to create shapes called?,Origami,class_3
The flag of which country has a non-quadrilateral shape?,Nepal,class_3
The place where beehives of honeybees are kept is called?,Apiary,class_3
Which is the fastest land animal?,Cheetah,class_3
Which animal has a hump on its back?,Camel,class_3
Name a commonly found reptile?,Lizard,class_3
Which is the largest ocean in the world?,Pacific Ocean,class_3
Australia lies between which two oceans?,Indian Ocean and Pacific Ocean,class_3
Which is the coldest planet in our solar system?,Neptune,class_3
Where is food collected in the human body once it is chewed and swallowed?,Stomach,class_3
Which pigment is responsible for the green colour of leaves?,Stomach,class_3
Which Indian city is known as “Orange City”?,Nagpur,class_3
Which city is known as the “Financial Capital of India”?,Mumbai,class_3
Which country won the first T20 world cup?,India,class_3
Which planet in our solar system takes less than 10 hours to complete its one rotation?,Jupiter,class_3
Which planet is known as the “blue planet”?,Earth,class_3
Which star is closest to the Earth?,The Sun,class_3
Which is the most abundant gas found on Earth?,Nitrogen,class_3
The mixture consisting of molten rocks that flow out of a volcano during the volcanic eruption is called ________.,Lava,class_3
Earth requires ____ hours to complete one rotation.,24,class_3
What is the movement of Earth on its own axis resulting in day and night called?,Rotation,class_3
What is the movement of Earth around the Sun resulting in change of seasons called?,Revolution,class_3
The Earth is closest to the Sun during which season?,Summer,class_3
Name the galaxy our solar system is a part of?,Milky Way,class_3
Who invented video games?,Ralph Baer,class_3
Who invented postage stamp?,Rowland Hill,class_3
Which is the tallest animal in the world?,Giraffe,class_3
Which is the fastest bird in the world?,Ostrich,class_3
Which is the highest waterfall in the world?,Angel Falls,class_3
Who wrote the world famous children’s book—Jungle Book?,Rudyard Kipling,class_3
Who wrote the book “Chronicles of Narnia”?,C.S. Lewis,class_3
The book “Charlie and the Chocolate Factory” was written by _______.,Roald Dahl,class_3
Who wrote the popular children’s book “The Cat in The Hat”?,Dr. Suess,class_3
The book “The Very Hungry Caterpillar” was written by _________.,Eric Carle,class_3
How many years did the First World War (WWI) last?,Four (1914-1918),class_3
How many years did the Second World War (WWII) last?,Six (1939-1945),class_3
Distance between two countries is measured in __________.,Kilometers,class_3
In which country is the Eiffel Tower located?,France,class_3
Which number is neither prime nor composite?,1,class_3
5 times 20 equals to ______.,1000,class_3
How many months of a year have only 30 days?,"4 (April, June, September and November)",class_3
An octopus has _____ hearts.,Three,class_3
The Statue of Liberty is located in which city?,"New York, USA",class_3
Sunlight is the source of which vitamin?,Vitamin D,class_3
How many teeth does a human have?,32,class_3
On which planet do we live?,Earth,class_3
How many continents do we have?,Seven,class_3
What is the process in which plants make food known as?,Photosynthesis,class_3
How many bones do we have?,206,class_3
Name the biggest flower.,Rafflesia,class_3
The animals that eat only plants and herbs are called ____________.,Herbivores,class_3
Which country is known as the “Land of White Elephants”?,Thailand,class_3
Which is the biggest planet in our Solar System?,Jupiter,class_3
Who is the first woman to go to space?,Valentina Tereshkova,class_3
Identify the Historical monument,Charminar,class_3
Name the tallest building in the world.,"Burj Khalifa, UAE",class_3
Who invented the Light Bulb?,Thomas Alva Edison,class_3
In how many hours does earth complete one rotation?,24 hours,class_3
Who wrote the drama “Julius Caesar”?,William Shakespeare,class_3
Which is the highest mountain peak in the world?,Mount Everest,class_3
Who is known as the father of modern computers?,Charles Babbage,class_3
Which part of the computer is its Brain?,CPU,class_3
Name the longest river on earth.,Nile,class_3
Name three vegetables that grow under soil.,"Potato, Tapioca and Ginger",class_3
What is the value of Pi?,3.14,class_3
Which is the most widely spoken language in the world?,Mandarin (Chinese),class_3
Identify the scientist.,Albert Einstein,class_3
How many days are there in a Leap Year?,366,class_3
Name the Largest desert in the world.,Sahara Desert,class_3
Which is the largest island in the world?,Greenland,class_4
What is the name of the sword owned by King Arthur?,Excaliber,class_4
Who is known as “Nightingale of India”?,Sarojini Naidu,class_4
Who is known as the “father of geometry”?,Euclid,class_4
Who wrote the national song of India? (Vande Mataram),Bankim Chandra Chatterjee,class_4
When is National Girl Child Day celebrated in India?,24-Jan,class_4
A leap year has _____ days.,366,class_4
Taj Mahal is situated on the banks of which river?,Yamuna,class_4
Name the largest planet in our solar system,Jupiter,class_4
Our solar system consists of _____ planets,8,class_4
_____ is known as the brain of the computer.,CPU,class_4
_____ What is the full form of CPU?,Central Processing Unit,class_4
Which part of the human body has the smallest bone?,EAR,class_4
Penicillin was invented by ________.,Alexander Fleming,class_4
Saina Nehwal is related to which sport?,Badminton,class_4
Giza Pyramids situated in which country?,Egypt,class_4
Statue of liberty is situated in which city?,New York,class_4
Which is the most sensitive organ in the human body?,Skin,class_4
Computer was invented by _______.,Charles Babbage,class_4
Which animal is known as the ship of the desert?,Camel,class_4
An octagon has _____ sides.,8,class_4
Which colour represents peace?,White,class_4
How many players are there in a cricket team?,11,class_4
Which African country is famous for chocolate?,Ghana,class_4
Olympic Games are held every ____ years.,4,class_4
Which is the largest desert in the world?,Sahara Desert,class_4
Which is the tallest waterfall in the world?,Angel Falls,class_4
Which is the biggest animal in the world?,Antarctic Blue Whale,class_4
What is another name for Table Tennis?,Ping pong,class_4
Where will the 2024 Olympics be held?,Paris,class_4
Dipa Karmakar is associated with which sport?,Gymnastics,class_4
When was the first modern Olympics held?,"1896 (in Athens, Greece)",class_4
Where is leaning tower of Pisa located?,Italy,class_4
Where is Louvre Museum situated?,"Paris, France",class_4
Which river is nicknamed “Sorrow of China”?,Yellow River,class_4
"Where is world’s tallest building, Burj Khalifa, located?","Dubai, UAE",class_4
What was the name of the ISRO mission to Mars?,Mangalyaan,class_4
Who invented Java programming language?,James Gosling,class_4
Who is known as the father of C language?,Dennis Ritchie,class_4
What is the full form of bit?,Binary digit,class_4
What is the name of the supercomputer placed at Indian Institute of Tropical Meteorology (IITM)?,Pratyush,class_4
Which is the world’s fastest super computer?,Fugaku Supercomputer,class_4
Which number has no reciprocal?,1,class_4
A heptagon has _____ sides.,7,class_4
The sum of the angles of a triangle is _____.,180˚,class_4
Which blood cells in our body help to fight infections?,White Blood Cells,class_4
What is the full form of BMP?,Bit Map Picture,class_4
Monitor of a computer is an _______ device.,Output,class_4
How many oceans are there in the world?,7,class_4
In which country is Mount Everest located?,Nepal,class_4
What is the capital of Belgium?,Brussels,class_4
Who was the first President of India?,Dr Rajendra Prasad,class_4
Who invented telescope?,Galileo Galilei,class_4
Which is the smallest bird in the world?,Humming bird,class_4
Which is the largest country in terms of population?,China,class_4
Which is the largest delta in the world?,Sunderban delta (Ganges-Brahmaputra Delta),class_4
Durand Cup is related to which sport?,Football,class_4
World Red Cross Day is celebrated on ________.,May 8th,class_4
Which country is known as the “Land of Cakes”?,Scotland,class_4
Which is the world’s largest coral reef system?,The Great Barrier Reef,class_4
Which is the biggest bird in the world?,Ostrich,class_4
The Statue of Liberty was a gift to the USA from which country?,France,class_4
The largest moon of Saturn is ________.,Titan,class_4
The term “wicket” is related to which sport?,Cricket,class_4
Name an insect with colourful wings?,Butterfly,class_4
Which state is known as the Orchid Paradise of India?,Arunachal Pradesh,class_4
Name the acid present in apple,Malic acid,class_4
Which country awards Nobel Prize?,Sweden,class_4
What is the currency of Malaysia?,Malaysian Ringgit,class_4
Measurement of right angle is ___________.,90˚,class_4
What is a triangle with two equal sides called?,Isosceles triangle,class_4
Which metal is used to make the filament of an electric bulb?,Tungsten,class_4
How many consonants are there in the English alphabet?,73,class_4
Trout and Carp are types of _________.,Fish/strong>,class_4
A polygon with 8 sides is called __________.,Octagon,class_4
Which organ purifies our blood?,Kidney,class_4
The animal with a hump on its back is _?,Camel,class_4
The brain of a computer is _.,CPU,class_4
The largest continent is _.,Asia,class_4
Who wrote ‘Ramayana’?,Valmiki,class_4
How many bones are there in a newborn baby?,300,class_4
Martyrs’ Day is celebrated every year on _.,30th January,class_4
The fastest animal on earth is?,Cheetah,class_4
Earth Day celebrated on?,April 22nd,class_4
The National Tree of India is?,Banyan Tree,class_4
Which is the tallest animal in the world?,Giraffe,class_4
What is the full form of RAM?,Random Access Memory,class_4
Who wrote ‘Discovery of India’?,Jawaharlal Nehru,class_4
Which is the tallest statue in the world?,"The Statue of Unity, India",class_4
Young one of the horses is called?,Colt,class_4
How many players are there in a cricket team?,11,class_4
How many days does earth take to revolve around the sun?,365 days,class_4
The biggest sea animal is _.,Dolphin,class_4
Which is the largest desert in India?,Thar desert,class_4
Which is the densest jungle in the world?,Amazon,class_4
When is Teacher’s Day celebrated?,September 5th,class_4
A place where bees are kept is called _.,Aviary,class_4
How many sides are there in a pentagon?,Five,class_4
Which is the smallest state in India?,Goa,class_4
Who is the father of our Nation?,Mahatma Gandhi,class_4
Which is the 4th planet of our solar system?,Mars,class_5
Which is the largest river in the world?,Amazon,class_5
Name a plant that grows in the desert?,Cactus,class_5
Which is the brightest planet in the solar system?,Venus,class_5
A football team consists of how many members?,11,class_5
What is the young one of a cow called?,Calf,class_5
Which is the largest ocean in the world?,Pacific Ocean,class_5
The branch of science that deals with earthquakes is called ___________,Seismology,class_5
“Wings of Fire” is the autobiography of ______________,Dr. APJ Abdul Kalam,class_5
Which is the national bird of the USA?,Bald Eagle,class_5
The smallest bone in the human body is __________,Stapes (located in the ear),class_5
Which is the deepest oceanic trench in the world?,Mariana Trench,class_5
Name a country without an official capital?,Nauru,class_5
Name the capital of Romania?,Bucharest,class_5
Which is the largest plateau in the world?,Tibetan Plateau,class_5
Young one of a horse is called?,Foal,class_5
How many bones does an adult human body have?,206,class_5
"Who wrote the famous play, “Romeo and Juliet”?",William Shakespeare,class_5
Atacama Desert is located in which continent?,South America,class_5
Study of the universe is called?,Cosmology,class_5
Mt. Vesuvius is located in which country?,Italy,class_5
Who is known as the “Father of Indian Space Program”?,Vikram Sarabhai,class_5
Mt. Abu is located in?,India,class_5
What is the capital of Armenia?,Yerevan,class_5
"“B” in BRICS, an international organization, stands for?",Brazil,class_5
Where is Spratly Islands located?,South China Sea,class_5
Where is the headquarters of European Union located?,"Brussels, Belgium",class_5
In which city is the world’s largest port located?,Shanghai,class_5
For which event did Neeraj Chopra win a gold medal at the 2020 Tokyo Olympics?,Javelin throw,class_5
In which year did India win the first Cricket World Cup?,1983,class_5
In which year was South Asian Association for Regional Cooperation (SAARC) established?,1985,class_5
Which country is known as the “land of the blue sky”?,Mongolia,class_5
Richter Scale is used to measure _________,Magnitude of earthquakes,class_5
Coco Islands are located in which sea?,Bay of Bengal,class_5
Who wrote the book “Midnight’s children”?,Salman Rushdie,class_5
Who was the first person to go to space?,Yuri Gagarin,class_5
Which is the deepest lake in the world?,Lake Baikal,class_5
Name the device that provides power to the connected devices of a computer during power outages?,Uninterrupted Power Supply (UPS),class_5
What is the full form of URL?,Uniform Resource Locator,class_5
Who invented World Wide Web (www)?,Tim Berners-Lee,class_5
When did the Internet come into existence?,1-Jan-83,class_5
"Where is the headquarters of Kaspersky Lab, the popular cyber security and anti-virus provider, located?",Moscow,class_5
Name the planet in our solar system that is known as the “Red Planet”,Mars,class_5
Name the scientist who discovered gravity?,Sir Isaac Newton,class_5
Whose birthday is celebrated as “Engineer’s Day” in India?,Sir M Visvesaraya,class_5
Between which planets does the asteroid belt exist in our solar system?,Mars and Jupiter,class_5
Who invented dynamite?,Alfred Nobel,class_5
"Name the country Alfred Nobel, the famous inventor, was born in?",Sweden,class_5
Which is the longest bone in the human body?,Femur (thigh bone),class_5
Who invented airplanes?,Wright brothers (Orville Wright and Wilbur Wright),class_5
Which galaxy does solar system belong to?,Milky Way,class_5
What is the speed of light in vacuum?,"3,00,000 km/sec",class_5
Which gas is commonly found in our universe?,Hydrogen,class_5
When is World Heritage Day celebrated?,18-Apr,class_5
Which is the smallest continent in the world?,Australia,class_5
Telephone was invented by ___________,Alexander Graham Bell,class_5
Who invented light bulb?,Thomas Alva Edison,class_5
Which is the national game of the USA?,Baseball,class_5
Which is the lightest gas?,Hydrogen,class_5
Branch of science that deals with scientific study of insects is known as _________,Entomology,class_5
Who invented the television?,John Logie Baird,class_5
Who was known as “Indian Napolean”?,Samudragupta,class_5
The total distance between the Sun and the Earth is ___________,149.6 Million km,class_5
Who formulated the theory of relativity?,Albert Einstein,class_5
Which mathematician is known as the “Prince of Indian Mathematics”?,Srinivasa Ramanujan,class_5
Sound cannot travel through _________,Vacuum,class_5
What is the full form of ROM?,Read-Only Memory,class_5
Name the smallest ocean in the world?,Arctic Ocean,class_5
Goitre is caused by the deficiency of?,Arctic Ocean,class_5
The term “LBW” is related to which sport?,Cricket,class_5
In which year did Christopher Columbus discover America?,1492,class_5
Which is the tallest mountain in the world?,Mount Everest,class_5
"The famous novel, Alice in Wonderland, was written by?",Lewis Carroll,class_5
"Name the ocean in which the famous ship, Titanic, had sunk?",North Atlantic Ocean,class_5
What is the scientific name of tomato?,Solanum lycopersicum,class_5
1024 kilobytes is equal to _.,1 Megabyte(MB),class_5
Who is Paulo Coelho?,Brazilian Novelist,class_5
A figure with 6 sides is known as ________.,Hexagon,class_5
What do UPS stand for?,Uninterrupted Power Supply,class_5
At which temperature does water boil?,100◦C,class_5
Name the acid in lemon.,Citric acid,class_5
Which is the first animal to land on the moon?,"Laika, The dog",class_5
Name the two Oceans in which Australia is sandwiched between?,The Indian Ocean and The Pacific Ocean,class_5
What do AM and PM stand for?,AM stands for Ante Meridiem and PM stands for Post Meridiem,class_5
Statue of Liberty is in _.,New York City,class_5
Name the five layers of Earth’s atmosphere.,"Exosphere, Thermosphere, Mesosphere, Stratosphere and Troposphere",class_5
Name the border of India and Pakistan.,Radcliffe Line ,class_5
What is Ablutophobia?,It is the Fear of Bathing,class_5
What is the full form of  HTTP?,Hypertext Transfer Protocol,class_5
Identify the Tennis Player.,Roger Federer,class_5
Which is the coldest planet in our solar system?,Neptune,class_5
Which gas is known as “Laughing gas”?,Nitrous Oxide,class_5
Name the largest temple in the World.,Angkor Wat,class_5
Which of the following is not a component of chlorophyll?  a) Magnesium b)  Carbon c) Calcium d) None of These,C. Calcium,class_5
Which is the largest freshwater lake in the world?,Lake Baikal,class_5
What is the full form of MBBS?,Bachelor of Medicine and Bachelor of Surgery,class_5
Who is the founder of Buddhism?,Siddhartha Gautama,class_5
What is the capital of Italy?,Rome,class_5
When is UN day celebrated?,24-Oct,class_5
Who is the fastest man in the world?,Usain Bolt,class_6
In which year was the Battle of Plassey fought?,1757,class_6
At which age Gautham Buddha got Nirvana?,35,class_6
Who is known as the father of history?,Herodotus,class_6
What was the ancient name of Patna?,Pataliputra,class_6
What is the square root of 144?,12,class_6
Who gave the slogan “Do or Die”?,Mahatma Gandhi,class_6
Why are the leaves green in color?,Due to the presence of Chlorophyll,class_6
Name the acid that is secreted in the stomach?,Hydrochloric acid,class_6
Which is the highest civilian award of the Republic of India?,The Bharat Ratna Award,class_6
WWW stands for?,World Wide Web,class_6
World Environment Day is celebrated on _.,5-Jun,class_6
Plants that develop in dry conditions are,Xerophytes,class_6
Where is ‘Great Bear Lake’ found in the world?,Canada ,class_6
What is the full form of Wifi?,Wireless Fidelity,class_6
Who is the writer of ‘Panchathantra’?,Vishnu Sharma,class_6
Who is the 14th President of India?,Ram Nath Govind,class_6
Which is the biggest bone in the human body?,Femur,class_6
Who was the inventor of the light bulb?,Thomas Alwa Edison,class_6
Opium is obtained from the dry latex from which part of the Papaver somniferum Plant?,Poppy,class_6
Which Vitamin helps to heal the wound,Vitamin C,class_6
Which is the mineral found in teeth and limestones?,Calcium,class_6
Who was at the helm of the Philadelphia Phillies in the 2011 season?,Charlie Manuel,class_6
Which is the largest lake in Japan?,Biwa,class_6
What is the weight of a cricket ball?,5.75 ounces,class_6
Which is the only even prime number?,2,class_6
Who invented the number zero?,Aryabhatta,class_6
How many degrees are there in a circle?,360,class_6
What is the shape of dice?,Cube,class_6
How many decimal points are there in a number?,One,class_6
How many seconds are there in an hour?,3600,class_6
A triangle with all side equal is called_?,Equilateral triangle,class_6
Which is the first odd composite number?,33,class_6
What is a polygon with five sides called?,Pentagon,class_6
How many years is a decade?,Ten,class_6
A raindrop is of which geometric shape?,Sphere,class_6
What is the approximate value of pi?,3.14,class_6
90 minutes amount to ___ hours?,1.5,class_6
What is the value of Golden Ratio?,1.618,class_6
What is a triangle with all three sides of different lengths called?,Scalene triangle,class_6
Which polygon has opposite sides and angles equal?,Parallelogram,class_6
Which number is neither prime nor composite?,1,class_6
A polygon with all four sides and angles equal is called___?,Square,class_6
How many seconds are there in a day?,86400,class_6
How many sides does the base of a pyramid have?,4,class_6
Fourth Buddhist council held during the reign of which emperor?,Kanishka,class_6
In which year did Mahatma Gandhi start Dandi March?,1930,class_6
Who is the founder of Chola Dynasty?,Vijayalaya,class_6
Which was the first animal to go to space?,Dog,class_6
Zawar mines are located in which Indian state?,Rajasthan,class_6
Which country is the first in Asia to launch a plastics pact?,India,class_6
What is the capital of Finland?,Helsinki,class_6
Ozone layer is in which layer of the atmosphere?,Stratosphere,class_6
What is the capital of Morocco?,Mozambique,class_6
Which is the longest river in the world?,Nile,class_6
Mount Aconcagua is located in which mountain ranges?,Andes,class_6
Which Indian state was the first to introduce the “Oak Tussar Industry”?,Manipur,class_6
National Research Centre on Yak (NRCY) is located in which Indian state?,"Arunachal Pradesh
",class_6
Which is the largest river on Earth?,"Amazon river
",class_6
Which is the most spoken language in the world?,Mandarin Chinese,class_6
Which is the highest mountain peak of India?,Kanchenjunga,class_6
Who was the first president of the USA?,George Washington,class_6
How many fundamental rights are mentioned in the Indian Constitution?,6,class_6
Who is popularly known as the Napolean of India?,Samudragupta,class_6
Who was known as Punjab Kesari?,Lala Lajpat Rai,class_6
When is World Health Day observed?,7-Apr,class_6
What was the theme of World Health Day 2022?,"Our Planet, Our Health",class_6
October,"Our Planet, Our Health",class_6
Which planet is known as the Morning/Evening star?,Venus,class_6
Which continent invests the most in solar power?,Asia,class_6
Who won the 2022 International Women of Courage Award?,Rizwana Hassan,class_6
What is the theme for World Wildlife Day 2022?,Recovering key species for ecosystem restoration,class_6
What is the name of ISRO’s new humanoid robot that will go to space next?,Vyommitra,class_6
Which country is known as the Pearl of the Orient Seas?,"Philippines
",class_6
Who is known as the father of Indian nuclear program?,Homi J Bhabha,class_6
Who invented radio?,Guglielmo Marconi,class_6
Which is the longest river in Europe?,Volga River,class_6
Which was the first metal used by Harappan civilization?,Copper,class_6
Thomas Cup is related to which sport?,"Badminton
",class_6
How many players are there in an ice hockey team?,Six,class_6
Ryder Cup is related to which sport?,Golf,class_6
Which country invented paper?,China,class_6
Who has been reappointed as the President of the World Health Organization (WHO)?,Tedros Ghebreyesus,class_6
Which day is observed as International Literacy Day?,8-Sep,class_6
Who was known as the Missile Man of India?,Dr. APJ Abdul Kalam,class_6
Name the marine animal known as “sea cow”?,Manatees,class_6
Which is the protein found in nails?,Keratin,class_6
Which instrument is used to measure blood pressure?,Sphygmomanometer,class_6
Which mineral is found in teeth?,"Calcium
",class_6
Which acid is secreted in the stomach?,Hydrochloric acid,class_6
Who is known as the “father of vaccination”?,Edward Jenner,class_6
Which is the slowest moving animal on Earth?,The three-toed sloth,class_6
Which only metal in liquid form at room temperature?,Mercury,class_6
Which is known as the Father of modern medicine?,Hippocrates,class_6
Which scientist developed the Theory of Relativity?,Albert Einstein,class_6
The air we breathe is majorly composed of which gas?,Nitrogen,class_6
What is the chemical name of Vitamin C?,Ascorbic acid,class_6
Plaster of Paris is made of ____?,Gypsum,class_6
Hematite is the ore of which metal?,Iron,class_6
Who discovered Penicillin?,Alexander Fleming,class_6
Which planet has the biggest known volcano in our solar system?,Mars,class_6
Who invented telephone?,Alexander Graham Bell,class_6
World Homoeopathy Day is observed on ______,10-Apr,class_7
What is the square of 42?,1764,class_7
Baku is the capital of which country?,Azerbaijan,class_7
Name the currency used in Japan?,Yen,class_7
"Which lake is situated in the border of countries, Peru and Bolivia?",Lake Titicaca,class_7
The distance travelled by light in one year is called _______,Light Year,class_7
When is World Hearing Day?,23-Mar,class_7
What is the theme of World Hearing Day 2022?,"To hear for life, listen with care!",class_7
________________ is known as “antisterility vitamin”?,Vitamin E,class_7
Name a non-metal that conducts electricity?,Graphite,class_7
Birth anniversary of Sardar Vallabhbhai Patel is observed as?,National Unity Day (Rashtriya Ekta Divas),class_7
Who discovered X-Rays?,Wilhelm Conrad Roentgen,class_7
Name the main gases present in the Sun?,Hydrogen and Helium,class_7
Name the capital of Kingdom of Bahrain?,Manama,class_7
What is the theme of World Meteorological Day 2022?,Early Warning and Early Action,class_7
What is the capital of Norway?,Oslo,class_7
Name the compound necessary for photosynthesis in leaves?,Chlorophyll,class_7
What are the tiny pores present in plant leaves called?,Stomata,class_7
Who invented electricity?,Benjamin Franklin,class_7
Name the continent known as “Dark Continent”?,Africa,class_7
______ is the hardest substance available on Earth.,Diamond,class_7
Name the instrument used to measure atmospheric pressure,Barometer,class_7
Who was the first woman to go to space?,Valentina Tereshkova,class_7
Which bird is known for its intelligence?,Owl,class_7
Which is the gas absorbed by plants?,Carbon Dioxide,class_7
What is the capital of Denmark?,Copenhagen,class_7
Olympic Games of which year were cancelled due to World War I?,1916,class_7
How many players are there in a Kho Kho team?,9,class_7
Who was the first President of the United States?,George Washington,class_7
Name the continent with the highest population density?,Asia,class_7
Beriberi disease is caused by the deficiency of _________,Vitamin B,class_7
Scientific study of birds is called _______,Ornithology,class_7
Name the organ responsible for blood purification in human body,Kidney,class_7
What is the name of the process where excess water in plants gets released?,Transpiration,class_7
What is the main source of energy produced through photosynthesis in plants?,Glucose,class_7
The measure of moisture in the air is known as _________,Humidity,class_7
A decagon has _______ sides.,10,class_7
3 raised to power 0 is ________.,1,class_7
Which is the smallest three-digit number?,1000,class_7
Which is the largest three-digit number?,999,class_7
What is the cube root of 27?,3,class_7
What is another name for Northern Lights?,Aurora Boralis,class_7
There are a total of _____ time zones in the world.,24,class_7
What is the full form of GPS?,Global Positioning System,class_7
Which famous explorer discovered Cuba?,Christopher Columbus,class_7
Which is the hardest substance on the human body?,Tooth enamel,class_7
Where is the headquarters of UNESCO located?,"Paris, France",class_7
Which planet is known as Earth’s Twin?,Venus,class_7
Which is the loudest animal on Earth?,Sperm whale,class_7
Which blood group is known as “universal donor”?,O+,class_7
_____ is a flying mammal.,Bat,class_7
Which animal has fingerprints similar to that of humans?,Koala,class_7
What is the colour of polar bear’s skin?,Black,class_7
Which protein is a fingernail made of?,Keratin,class_7
Which bird can fly backward?,Humming bird,class_7
Who was the first woman to win a Nobel Prize?,Marie Curie (in the year 1903),class_7
_____ is the warmest sea on Earth.,Read Sea,class_7
Which is the fastest snake in the world?,Black Mamba,class_7
Which is the largest organ in the human body?,Skin,class_7
Which is the largest lake in Japan?,Biwa,class_7
Name the vitamin that helps to heal wounds?,Vitamin C,class_7
Equilateral polygons have all ______ equal.,Sides,class_7
Which country does famous footballer Lionel Messi belong to?,Argentina,class_7
The atomic number of Iron (Fe) is _____.,26,class_7
What is the capital of United Arab Emirates (UAE)?,Abu Dhabi,class_7
Golfer Vijay Singh belongs to which country?,Fiji,class_7
Which blood cells do not have a nucleus?,Blood platelets,class_7
Who authored the renowned novel “The Godfather”?,Mario Puzo,class_7
RAM is located in which part of the computer?,Mother board,class_7
Who was nicknamed the “Little Corporal”?,Napolean Bonaparte,class_7
The ceiling of Sistine Chapel has frescos painted by which famous painter?,Michelangelo,class_7
What was the court language used by Mughals?,Persian,class_7
Orange Prize is related to the field of ____________.,Literature,class_7
When did World War II start?,1939,class_7
Vienna is the capital of which country?,Austria,class_7
Who discovered Protons?,Rutherford,class_7
What does ‘Xylem’ in plants do?,Transport water,class_7
Which is the ‘class’ of Octopus?,Cephalopod,class_7
What does Big Bang Theory explain?,Origin of Universe,class_7
Who is the author of ‘Origin of Species’?,Charles Darwin,class_7
What kind of mosquito carries malaria?,Anopheles Mosquitoes,class_7
Name the smallest Ocean.,Arctic Ocean,class_7
Which day is celebrated as World Consumer Rights Day?,15-Mar,class_7
What is Light year?,It is the unit of distance,class_7
Which is the sacred book of Buddhists?,Tripitakas,class_7
Cataract is the disease of _.,Eye,class_7
What is the SI unit of Force?,Newton,class_7
Who is the author of ‘Wings of Fire’?,A.P.J. Abdul Kalam,class_7
Who is the father of Economics?,Adam Smith,class_7
What is the common name of Sodium Carbonate?,Washing Soda,class_7
What is Phycology?,Study of Algae,class_7
Which is the first Asian country to orbit Mars?,India,class_7
Which country is the largest producer of Coffee?,Brazil,class_7
The terms’ Bull and Bear’ is associated with __________.,Stock Market,class_7
Where are the HeadQuarters of UNESCO?,"Paris, France",class_7
Which are the colors of the rings of the Olympic flag?,"Black, Red, Blue, Green, and Yellow",class_7
Who invented ‘Lift’?,Elisha Graves Otis,class_7
Which river crosses the equator twice?,Congo River,class_7
Which is the device used to locate submerged objects under sea?,SONAR,class_7
Hi,Welcome to ChatGTP,user_added
Who is the developer of ChatGTP,Mr. Ashish W,user_added
